link,title,snippet,date,source
https://www.cp24.com/local/toronto/2025/01/22/ttc-suspends-service-along-stretch-of-line-1-amid-bitterly-cold-weather/,Subway service resumes along stretch of Line 1 after hours-long shut down during morning commute,The TTC says subway service along a stretch of Line 1 is now back up and running after emergency rail work disrupted the morning commute.,3 days ago,CP24
https://www.cbc.ca/news/canada/toronto/ttc-service-report-bunching-1.7439818,"TTC 'bunching' to blame for widespread service delays on buses, streetcars, report suggests",A new report from a transit advocacy group suggests “bunching” — when multiple buses or streetcars arrive at the same time — is creating...,2 days ago,CBC
https://www.blogto.com/city/2025/01/ttc-plans-dozens-streetcar-service-disruptions-2025/,TTC planning dozens of major streetcar service disruptions in 2025,"Along with the 38 entire weekend closures the TTC has planned for repair work in 2025, surface-level commuters also have some less-than-ideal service…",1 day ago,blogTO
https://www.thestar.com/news/gta/ttc-service-on-buses-and-streetcars-can-be-appallingly-bad-because-of-a-common-problem/article_909f8972-d8cd-11ef-90be-a3d2d55d69fd.html,"TTC service on buses and streetcars can be ‘appallingly bad’ because of a common problem, report finds",Only 10 TTC bus and streetcar routes in the city are meeting the transit agency's own goal for on-time service during rush hour.,2 days ago,Toronto Star
https://www.ctvnews.ca/toronto/video/2025/01/23/advocacy-group-releases-report-outlining-ttc-problems/,Advocacy group releases report outlining TTC problems,CTV News Toronto's Beth Macdonell has the details of the TTCRiders report suggesting several routes do not meet on-time performance...,1 day ago,CTV News
https://toronto.citynews.ca/2025/01/23/ttc-on-time-metrics-versus-transit-rider-experience/,TTC’s on-time metrics don’t match actual transit rider experience: report,"The report found that riders on routes where ""bunching"" is common waited an average of four minutes longer than scheduled.",2 days ago,CityNews Toronto
https://nowtoronto.com/news/torontonians-are-irritated-with-ttcs-unexpected-morning-closures/,"‘How predictable,’ Torontonians are irritated with TTC’s unexpected morning closures","Torontonians are urging the TTC to get back on track, after this morning's rush hour delays have left many feeling outraged.",3 days ago,NOW Toronto
https://www.blogto.com/city/2025/01/how-ttc-plans-fix-problem-plagued-service-2025/,Here's how the TTC plans to fix its problem-plagued service in 2025,An unexpected TTC shutdown lasting several hours on January 22 was just the latest hiccup for a network plagued by a mounting repair backlog...,3 days ago,blogTO
https://www.cbc.ca/news/canada/toronto/toronto-2025-capital-budget-state-of-good-repair-1.7440967,Toronto capital budget aims to flatten curve of growing infrastructure repair backlog,"From community centres to parks to the TTC, Torontonians may start to notice improvements to city maintenance, as Toronto pushes to invest...",14 hours ago,CBC
https://www.blogto.com/city/2025/01/ttc-members-public-450-per-meeting/,TTC looking for members of the public to get involved and you could earn $450 per meeting,"If you boast any prior experience in customer service, human resources, or contract management, you may qualify for a role in the TTC Board...",2 days ago,blogTO
https://finance.yahoo.com/news/toro-nyse-ttc-aiming-keep-105326854.html,Toro (NYSE:TTC) Is Aiming To Keep Up Its Impressive Returns,"If we want to find a stock that could multiply over the long term, what are the underlying trends we should look for...",2 weeks ago,Yahoo Finance
https://www.blogto.com/city/2025/01/ttc-outage-emergency-rail-repair/,TTC shuts down subway service for 'emergency repairs' yet again,"The TTC subway descended into chaos on Wednesday morning when the transit agency shut down a large stretch of the network with no warning,...",3 days ago,blogTO
https://www.masstransitmag.com/technology/article/55252950/ttc-san-joaquin-rtd-make-improvements-to-wi-fi-services,"TTC, San Joaquin RTD make improvements to Wi-Fi services",TTC discontinued access to free Wi-Fi on subway platforms due to the network being unreliable while San Joaquin RTD now offers free Wi-Fi on...,3 weeks ago,MassTransitMag.com
https://stevemunro.ca/2025/01/23/delving-into-ttc-on-time-performance/,Delving Into TTC “On Time” Performance,"The TTC produces a monthly summary of On Time Performance for its bus and streetcar networks. To call it superficial would be generous,...",2 days ago,Steve Munro
https://abcnews4.com/news/local/ccsd-teams-up-with-musc-ttc-to-offer-hands-on-experience-in-healthcare-for-students-wciv-abc-news-4-charleston-county-school-district-medical-university-of-south-carolina-trident-technical-college,"CCSD teams up with MUSC, TTC to offer hands-on experience in healthcare for students",Charleston County School District announced a partnership Monday with two major local medical schools as part of a new program to give...,2 weeks ago,WCIV
https://www.nature.com/articles/s41598-024-76414-w,A refined TTC assay precisely detects cardiac injury and cellular viability in the infarcted mouse heart,"Histological analysis with 2,3,5-triphenyltetrazolium chloride (TTC) staining is the most frequently used tool to detect myocardial...","Oct 24, 2024",Nature
https://www.thestar.com/news/gta/ttc-expects-service-to-get-worse-this-year-because-of-repair-work/article_241eccb6-d744-11ef-9c30-4f802a961880.html,TTC expects service to get worse this year because of repair work,The TTC is looking at full weekend and early access closures in 2025 with larger boundaries and longer time frames to get some of its...,5 days ago,Toronto Star
https://toronto.citynews.ca/2025/01/22/ttc-subway-service-disruption-broken-power-rail/,Broken power rail shuts down TTC subway service on section of Line 1,The TTC says there is no service between Sheppard West and Lawrence West stations because of a broken power rail. Shuttle buses are running.,3 days ago,CityNews Toronto
https://www.masstransitmag.com/rail/vehicles/press-release/55248942/toronto-transit-commission-ttc-ttc-issues-rfp-for-55-new-subway-trains-for-line-2-subway,TTC issues RFP for 55 new subway trains for Line 2 subway,TTC issues RFP for 55 new subway trains for Line 2 subway ... The RFP follows the Nov. 29 confirmation of C$1.2 billion in federal funding...,1 month ago,MassTransitMag.com
https://stevemunro.ca/2025/01/22/ttc-2025-subway-and-streetcar-infrastructure-projects/,TTC 2025 Subway and Streetcar Infrastructure Projects,The agenda for the January 27 TTC Board meeting contains two reports containing information about infrastructure work planned on the rail...,3 days ago,Steve Munro
https://www.cbc.ca/news/canada/toronto/subway-service-sheppard-west-lawrence-west-1.7437982,Line 1 TTC subway service resumes between Wilson and Lawrence West after rush hour shutdown,Subway service has resumed on Line 1 between Wilson and Lawrence West following several hours of disruption after emergency repairs were...,3 days ago,CBC
https://www.thestar.com/news/wrong-way-driver-arrested-after-head-on-collision-with-ttc-bus/article_a7936b2a-d8d8-11ef-a4a5-a3953c20de9f.html,Wrong-way driver arrested after head-on collision with TTC bus,Toronto police have arrested a driver for allegedly driving while impaired following a head-on collision with a TTC bus early Wednesday...,3 days ago,Toronto Star
https://stevemunro.ca/2025/01/21/youre-not-crazy-ttc-service-is-worse/,You’re Not Crazy: TTC Service Is Worse,"In the political hoopla surrounding the City budget, and the level of support transit will get, we regularly hear claims from the TTC that...",4 days ago,Steve Munro
https://www.cbc.ca/player/play/video/9.6622005,How ‘bunching’ is impacting TTC service across the city,Transit advocates are calling on the TTC to be more transparent about public transit delays and address the city's “bunching” issue.,1 day ago,CBC
https://www.lbcc.edu/press-release/long-beach-city-college-celebrates-75-years-trades-technology-and-community-learning,"Long Beach City College Celebrates 75 Years Of The Trades, Technology, And Community Learning Campus","Long Beach City College (LBCC) is celebrating the 75th anniversary of the newly re-branded Trades, Technology, and Community Learning Campus (TTC).","Sep 23, 2024",Long Beach City College
https://www.businesswire.com/news/home/20241217037967/en/TTC-Global-Joins-The-Valuable-Directory-to-Advance-Digital-Accessibility-Excellence,TTC Global Joins The Valuable Directory to Advance Digital Accessibility Excellence,"TTC Global is proud to announce its selection as a member of The Valuable Directory, a prestigious global network of disability inclusion and accessibility...",1 month ago,Business Wire
https://globalnews.ca/news/10968842/toronto-weekend-closures-2025/,Slew of full weekend closures planned for 2025 across Toronto’s aging subway network,"The TTC unveiled its capital plan for 2025 on Monday, complete with details of how often the spine of the city's transit network would be...",4 days ago,Global News
https://www.blogto.com/city/2025/01/ttc-planning-38-full-weekend-subway-closures-2025/,TTC planning a staggering 38 full-weekend subway closures in 2025,"The TTC will shut down subway service on parts of the rapid transit network on the majority of weekends this year, and riders will have had...",5 days ago,blogTO
https://simplywall.st/stocks/us/capital-goods/nyse-ttc/toro/news/should-weakness-in-the-toro-companys-nysettc-stock-be-seen-a,Should Weakness in The Toro Company's (NYSE:TTC) Stock Be Seen As A Sign That Market Will Correct The Share Price Given Decent Financials?,"With its stock down 9.1% over the past month, it is easy to disregard Toro (NYSE:TTC). However, stock prices are...",2 weeks ago,Simply Wall Street
https://www.masstransitmag.com/rail/vehicles/press-release/55247359/infrastructure-ontario-government-of-ontario-to-invest-c758-million-to-help-ttc-purchase-55-new-trains-for-line-2-subway,Government of Ontario to invest C$758 million to help TTC purchase 55 new trains for Line 2 Subway,Government of Ontario to invest C$758 million to help TTC purchase 55 new trains for Line 2 Subway ... The current 30-year-old Line 2 trains are...,1 month ago,MassTransitMag.com
https://www.act-news.com/news/canadian-transit-agency-makes-move-to-100-zero-emissions/,Canadian Transit Agency Makes Move to 100% Zero Emissions,"As part of its ongoing mission to reduce emissions from its public transportation services, the Toronto Transit Commission (TTC) recently...","Nov 18, 2024",Advanced Clean Tech (ACT) News
https://www.ctvnews.ca/toronto/local/article/only-10-ttc-surface-routes-are-meeting-the-goal-for-on-time-performance-and-bunching-may-be-to-blame-report/,Only 10 TTC surface routes are meeting the goal for on-time performance and ‘bunching’ may be to blame: report,Only 10 of the TTC's 179 bus and streetcar routes are meeting the transit agency's benchmark for on-time service during rush hour and the...,2 days ago,CTV News
https://finance.yahoo.com/news/buy-toro-company-nyse-ttc-185845784.html,Should You Buy The Toro Company (NYSE:TTC) For Its Upcoming Dividend?,The Toro Company (NYSE:TTC) is about to go ex-dividend in just 3 days. The ex-dividend date is usually set to be one business day before the record date.,1 month ago,Yahoo Finance
https://www.cp24.com/video/2025/01/23/bunching-may-be-causing-ttc-delays-report/,‘Bunching’ may be causing TTC delays: report,TTCRiders Executive Director Shelagh Pizey-Allen discusses the report that finds the so-called 'bunching' of vehicles may be to blame for...,2 days ago,CP24
https://www.masstransitmag.com/management/press-release/55136309/toronto-transit-commission-ttc-ttc-taking-steps-to-improve-bus-service-schedules,TTC taking steps to improve service schedules,Trains will arrive every two-to-three minutes during weekday morning and afternoon rush hours and every four-to-five minutes in the early...,"Aug 28, 2024",MassTransitMag.com
https://finance.yahoo.com/news/toro-company-ttc-q3-earnings-070136823.html,The Toro Company (TTC) Q3 Earnings: What To Expect,"This quarter, analysts are expecting The Toro Company's revenue to grow 10.8% year on year to $1.09 billion, a reversal from the 16.1% decrease...",1 month ago,Yahoo Finance
https://www.masstransitmag.com/bus/vehicles/hybrid-hydrogen-electric-vehicles/press-release/55143558/toronto-transit-commission-ttc-ttc-brings-on-two-battery-electric-buses,TTC brings on two battery-electric buses,"In 2023, the government of Canada and the city of Toronto, Ontario, made a joint investment of C$700 million (US$518 million) towards the...","Sep 30, 2024",MassTransitMag.com
https://www.ettu.org/son-cladera-ttc-mallorca-prevails-over-miro-ganxets-reus-in-marathon-round-of-16-clash/,SON CLADERA TTC – MALLORCA Prevails Over MIRÓ GANXETS REUS in Marathon Round of 16 Clash,"In an all-Spanish duel in the Round of 16 of the Europe Cup Women, SON CLADERA TTC – MALLORCA overcame MIRÓ GANXETS REUS in a nail-biting...",5 days ago,European table tennis union
https://www.travelagewest.com/Travel/Tour-Operators/ttc-tour-brands-tour-week,TTC Tour Brands Announces 'Tour Week' Fam Initiative for Travel Advisors,Tour Week will allow more than 500 travel advisors to experience 13 different itineraries across six of TTC's brands.,"Oct 15, 2024",TravelAge West
https://finance.yahoo.com/news/agricultural-machinery-stocks-q3-review-090738103.html,Agricultural Machinery Stocks Q3 In Review: The Toro Company (NYSE:TTC) Vs Peers,"As the Q3 earnings season comes to a close, it's time to take stock of this quarter's best and worst performers in the agricultural...",1 month ago,Yahoo Finance
https://timesofindia.indiatimes.com/city/nagpur/2-leopards-dead-vultures-at-chanda-ttc-had-h5n1-before-gorewada-deaths/articleshow/117496385.cms,"2 leopards, dead vultures at Chanda TTC had H5N1 before Gorewada deaths",Chandrapur: Two leopards from the Chandrapur Transit Treatment Centre (TTC) have tested sero-positive (showing antibodies after a viral...,2 days ago,Times of India
https://www.masstransitmag.com/rail/maintenance/press-release/55135594/toronto-transit-commission-ttc-ttc-to-begin-upgrades-to-streetcar-power-system-sept-3,TTC to begin upgrades to streetcar power system Sept. 3,"The first stage of the work, between the Harborfront Tunnel and Spadina Avenue will start on Sept. 3 until early October. During this time, TTC...","Aug 26, 2024",MassTransitMag.com
https://toronto.citynews.ca/video/2025/01/23/report-suggests-bunching-to-blame-for-widespread-delays-on-ttc-buses-and-streetcars/,Report suggests ‘bunching’ to blame for widespread delays on TTC buses and streetcars,"According to a new report by the transit advocacy group TTCriders, only ten of the TTC's bus and streetcar routes are meeting the benchmark...",1 day ago,CityNews Toronto
https://www.masstransitmag.com/management/article/55246942/translink-ttc-preparing-for-winter-operations,"TransLink, TTC preparing for winter operations",TransLink is equipping more buses with new tires and deploying new articulated buses with better traction this season to prepare for winter weather in Metro...,1 month ago,MassTransitMag.com
https://www.cp24.com/politics/toronto-city-hall/2025/01/20/ttc-says-even-more-planned-subway-closures-expected-in-2025/,TTC says even more planned subway closures expected in 2025,TTC customers who do their best to dodge night and weekend subway closures this year may find it more difficult to do so.,5 days ago,CP24
https://finance.yahoo.com/news/toro-company-nyse-ttc-reports-133612598.html,"The Toro Company (NYSE:TTC) Reports Sales Below Analyst Estimates In Q3 Earnings, Stock Drops","Outdoor equipment company Toro (NYSE:TTC) missed Wall Street's revenue expectations in Q3 CY2024, but sales rose 9.4% year on year to $1.08...",1 month ago,Yahoo Finance
https://www.travelweekly.com/Travel-News/Tour-Operators/TTC-Tour-Brands-fam-extravaganza,TTC Tour Brands will do a fam extravaganza next March,TTC Tour Brands will do a fam extravaganza next March ... The Tour Week promotion was designed to showcase the breadth of TTC's six brands --. The...,"Oct 16, 2024",Travel Weekly
https://www.masstransitmag.com/technology/facilities/shelters-stations-fixtures-parking-lighting/press-release/55236552/toronto-transit-commission-ttc-ttc-completes-accessibility-updates-on-donlands-station-on-line-2-bloor-danfort,TTC completes accessibility updates on Donlands Station on Line 2 Bloor-Danfort,The Donlands Station updates are a part of TTC's Easier Access Program as the agency works to make all subway stations accessible to its...,"Oct 18, 2024",MassTransitMag.com
https://www.samhsa.gov/resource/tta/prevention-technology-transfer-center-network-pttc,Prevention Technology Transfer Center Network (PTTC),PTTC improves implementation and delivery of effective substance use prevention interventions and provides T/TA services to the substance misuse prevention...,"Nov 29, 2024",SAMHSA - Substance Abuse and Mental Health Services Administration (.gov)
https://www.thestar.com/news/gta/we-dont-want-slow-subways-becoming-our-new-normal-ttc-reliability-a-key-part-of/article_8130ce18-c56f-11ef-b8b8-63a7d821a4ed.html,‘We don’t want slow subways becoming our new normal’: TTC reliability a key part of proposed 2025 budget debate,"The TTC presents its proposed budget for 2025 this week, after a year in which the transit agency suffered lengthy delays and repeated...",3 weeks ago,Toronto Star
https://www.cbc.ca/news/canada/toronto/ttc-board-debating-2025-budget-1.7427974,"TTC board approves 2025 budget that would freeze fares, increase service","10-year budget to cut repair backlog by 50%: chair. The board also approved the TTC's 2025-2034 capital budget plan on Friday, which requests...",2 weeks ago,CBC
https://www.masstransitmag.com/management/article/55090355/rick-leary-to-resign-as-ttc-ceo-aug-30,Rick Leary to resign as TTC CEO Aug. 30,Leary has been with the TTC since 2014 and has more than 40-plus years of experience working in the transit industry.,"Jun 21, 2024",MassTransitMag.com
https://www.digitaleurope.org/resources/response-to-ustr-consultation-on-eu-us-ttc-global-trade-challenges-working-group/,Response to USTR consultation on EU-US TTC Global Trade Challenges Working Group,"The EU and US must focus on promoting critical and green technologies that enhance digital resilience and economic security, and drive forward cooperation.","Oct 22, 2024",DigitalEurope
https://www.blogto.com/city/2025/01/ttc-shut-down-stretch-subway-weekend-january-18-2025/,TTC to shut down 6.5-kilometre stretch of subway for an entire day this weekend,TTC subway passengers should brace for a major disruption planned for this coming weekend. The transit agency will shut down a significant...,1 week ago,blogTO
https://finance.yahoo.com/news/toro-nyse-ttc-paying-larger-121238369.html,Toro (NYSE:TTC) Is Paying Out A Larger Dividend Than Last Year,Toro Could Grow Its Dividend. Investors who have held shares in the company for the past few years will be happy with the dividend income they...,1 month ago,Yahoo Finance
https://www.rtands.com/passenger/ttc-restores-504-king-streetcar-service-oct-6th/,TTC Restores 504 King Streetcar Service Oct. 6th,"The TTC will begin work to restore streetcar service between Shaw and Dufferin Streets on October 6th. Along King St. W, crews have worked to replace streetcar...","Oct 4, 2024",Railway Track and Structures
https://www.masstransitmag.com/rail/maintenance/article/55129843/rail-maintenance-updates-from-mbta-and-ttc,Rail maintenance updates from MBTA and TTC,MBTA has completed critical track work on the Red Line while Toronto Transit Commission (TTC) has begun preventative maintenance work on isolated sections of...,"Jul 31, 2024",MassTransitMag.com
https://qz.com/toro-company-ttc-reports-earnings-1851724401,Toro Company (TTC) reports earnings,"Net earnings for fiscal 2024 were $418.9 million, or $4.01 per diluted share, compared to $329.7 million, or $3.13 per diluted share, in fiscal...",1 month ago,qz.com
https://finance.yahoo.com/news/toro-nyse-ttc-investors-sitting-152957376.html,Toro (NYSE:TTC) investors are sitting on a loss of 13% if they invested three years ago,"The Toro Company (NYSE:TTC) shareholders have had that experience, with the share price dropping 17% in three years, versus a market return of about 22%.","Oct 21, 2024",Yahoo Finance
https://www.cbc.ca/news/canada/toronto/ttc-reduced-speed-zones-1.7422063,"TTC says there will 'never be zero' subway slow zones, despite progress in cutting them","Zones down from 33 to 10 since summer, but transit advocates remain frustrated ... It's been almost five months since the TTC introduced slow...",3 weeks ago,CBC
https://beachmetro.com/2024/12/31/free-new-years-eve-transit-rides-on-both-the-ttc-and-go-tonight-and-tomorrow-morning/,Free New Year’s Eve transit rides on both the TTC and GO tonight and tomorrow morning,"Both GO Transit and UP Express services will be free to all customers on New Year's Eve from 7 p.m. until 8 a.m. on Jan. 1, 2025.",3 weeks ago,Beach Metro Community News
https://finance.yahoo.com/news/mairs-power-growth-fund-increased-130958374.html,Mairs & Power Growth Fund Increased its Holdings in Toro Company (TTC) on Dip,"Mairs & Power, an investment advisor, released the “Mairs & Power Growth Fund” third quarter 2024 investor letter.","Nov 25, 2024",Yahoo Finance
https://toronto.citynews.ca/2024/12/30/ttc-free-on-new-years-eve-union-station-subway-access-to-be-restricted/,"TTC free on New Year’s Eve, Union Station subway access to be restricted",The TTC will once again be free on New Years Eve to make sure everyone returns home safely from their festivities.,4 weeks ago,CityNews Toronto
https://toronto.citynews.ca/2025/01/10/ttc-board-approves-2025-budget-that-freezes-fares-invests-billions-in-new-vehicles-subway-maintenance/,"TTC Board approves 2025 budget that freezes fares, invests billions in new vehicles, subway maintenance","The TTC Board approved its 2025 budget on Friday, promising to freeze fares, improve service and invest billions in new vehicles and subway...",2 weeks ago,CityNews Toronto
https://finance.yahoo.com/news/toro-company-earnings-look-ttc-070133156.html,The Toro Company Earnings: What To Look For From TTC,"This quarter, analysts are expecting The Toro Company's revenue to grow 16.4% year on year to $1.26 billion, a reversal from the 6.8% decrease...","Sep 4, 2024",Yahoo Finance
https://www.rtands.com/passenger/ttc-to-perform-preventative-maintenance-on-lines-1-and-2/,TTC To Perform Preventative Maintenance on Lines 1 and 2,The TTC will have preventative maintenance work take place on sections of Lines 1 and 2 to repair minor track issues.,"Aug 5, 2024",Railway Track and Structures
https://simplywall.st/stocks/us/capital-goods/nyse-ttc/toro/news/toro-nysettc-is-increasing-its-dividend-to-038,Toro (NYSE:TTC) Is Increasing Its Dividend To $0.38,Toro (NYSE:TTC) Is Increasing Its Dividend To $0.38 ... The Toro Company (NYSE:TTC) has announced that it will be increasing its periodic dividend...,1 month ago,Simply Wall Street
https://finance.yahoo.com/news/why-toro-company-ttc-shares-165458719.html,Why The Toro Company (TTC) Shares Are Trading Lower Today,Shares of outdoor equipment company Toro (NYSE:TTC) fell 12% in the afternoon session after the company reported second-quarter earnings...,"Sep 5, 2024",Yahoo Finance
https://www.thestar.com/opinion/star-columnists/these-are-ttc-riders-six-most-dreaded-words-shuttle-buses-are-on-the-way/article_1ad1ad0a-a115-11ef-9452-9fc9e155453d.html,Edward Keenan: These are TTC riders’ six most dreaded words: ‘Shuttle buses are on the way’,"George due to a “security situation.” Shuttle buses on the way — eventually. No sign of those buses on the street, though hundreds and hundreds...","Nov 13, 2024",Toronto Star
https://www.geaerospace.com/news/articles/forward-thinking-ge-aerospaces-turkiye-technology-center-opens-new-location,Forward Thinking: GE Aerospace’s Türkiye Technology Center Opens New Location,"GE Aerospace engineers can now be found in Istanbul's Kartal district, at the brand-new Maya office tower.","Jun 11, 2024",GE Aerospace
https://www.businesswire.com/news/home/20240722776044/en/TTC-Global-Appoints-Thomas-Hadorn-as-Group-CEO-to-Lead-the-Next-Phase-of-Growth-and-AI-Integration,TTC Global Appoints Thomas Hadorn as Group CEO to Lead the Next Phase of Growth and AI Integration,"TTC Global appoints Thomas Hadorn as Group CEO to drive growth and AI innovation, leveraging his 25+ years of tech leadership and market...","Jul 22, 2024",Business Wire
https://finance.yahoo.com/news/toro-company-nyse-ttc-misses-123825254.html,"The Toro Company (NYSE:TTC) Misses Q2 Revenue Estimates, Stock Drops","Outdoor equipment company Toro (NYSE:TTC) fell short of analysts' expectations in Q2 CY2024, with revenue up 6.9% year on year to $1.16...","Sep 5, 2024",Yahoo Finance
https://www.blogto.com/city/2025/01/ttc-subway-closure-weekend-jan-25-26/,TTC to shut down a seven-station stretch of subway this entire weekend,"The TTC is planning to shut down service on a four-station stretch of the Line 1 subway for the entire weekend of January 25 and 26, 2025.",4 days ago,blogTO
https://www.masstransitmag.com/bus/press-release/55038257/toronto-transit-commission-ttc-ttc-to-increase-service-on-24-bus-routes-may-12,TTC to increase service on 24 bus routes May 12,"TTC to increase service on 24 bus routes May 12 ... The increases will bring bus service to 96 percent of pre-pandemic levels, the highest since...","May 8, 2024",MassTransitMag.com
https://toronto.citynews.ca/2025/01/07/ttc-freeze-fares-improved-transit-service-line1-line2-subway/,"TTC to freeze fares, improve service as part of 2025 budget",Toronto Mayor Olivia Chow is proposing a 6.5% increase in funding for the TTC while promising to restore some services cut during the pandemic.,2 weeks ago,CityNews Toronto
https://www.thestar.com/news/gta/toronto-traffic-this-weekend-closure-on-portion-of-line-1-subway-and-on-rosedale-valley/article_6ea25102-d8b3-11ef-af36-ab81ab58d881.html,"Toronto traffic this weekend: Closure on portion of Line 1 subway, and on Rosedale Valley Road","A stretch of the TTC's Yonge-University subway will close for track construction this weekend. Here's more on that closure,...",2 days ago,Toronto Star
https://simplywall.st/stocks/us/capital-goods/nyse-ttc/toro/news/toros-nysettc-earnings-have-declined-over-three-years-contri,"Toro's (NYSE:TTC) earnings have declined over three years, contributing to shareholders 14% loss","In order to justify the effort of selecting individual stocks, it's worth striving to beat the returns from a market...","Nov 23, 2024",Simply Wall Street
https://www.ctvnews.ca/video/2025/01/22/ttc-suspends-service-amid-extreme-cold/,TTC suspends service amid extreme cold,Repairs forced the suspension of the Line 1 service between Wilson and Lawrence West stations.,3 days ago,CTV News
https://www.csis.org/analysis/ttc-and-new-thought,TTC and a New Thought,"I am going to present a new thought, at least for me, on how the United States should approach the global trading system and then invite readers to comment on...","Apr 15, 2024",CSIS | Center for Strategic and International Studies
https://ca.news.yahoo.com/how-a-ttc-bus-driver-brought-his-musical-dream-back-to-life-im-just-doing-it-for-the-love-of-it-070817273.html,How a TTC bus driver brought his musical dream back to life: 'I'm just doing it for the love of it',"From resurrecting a dying dream to receiving a shoutout from rap royalty Drake, A TTC driver shares his story of resilience, passion and finding joy in...",1 month ago,Yahoo News Canada
https://www.thestar.com/news/gta/ttc-changing-subway-access-at-union-station-on-new-years-eve-in-bid-to-reduce/article_663cc7d6-c46d-11ef-a945-d353bfba90cc.html,TTC changing subway access at Union Station on New Year’s Eve in bid to reduce overcrowding,TTC changing subway access at Union Station on New Year's Eve in bid to reduce overcrowding. The TTC will also be providing free service from 7...,3 weeks ago,Toronto Star
https://theeverymom.com/trying-to-conceive-second-baby/,I'm TTC for Baby #2—Here's One Thing I'm Doing Differently This Time,I tried something different instead of the typical prenatal capsules and upgraded to Prenatal Multi Powder from Needed.,"May 14, 2024",The Everymom
https://finance.yahoo.com/news/toro-company-nyse-ttc-stocks-160808283.html,The Toro Company (NYSE:TTC) Stock's Been Sliding But Fundamentals Look Decent: Will The Market Correct The Share Price In The Future?,"Toro's Earnings Growth And 24% ROE. Firstly, we acknowledge that Toro has a significantly high ROE. Secondly, even when compared to the industry...","Sep 23, 2024",Yahoo Finance
https://wemovetoronto.ca/atu-local-113-welcomes-ttc-riders-report-on-bus-bunching/,ATU Local 113 welcomes TTC Riders’ report on Bus Bunching,"ATU Local 113 welcomes the report by TTC Riders on bus bunching. It's well-researched and thoughtful, and puts forward some excellent,...",1 day ago,ATU Local 113
https://skift.com/2024/07/16/apollo-acquires-the-travel-corporation-in-bet-on-group-tours/,Apollo Acquires The Travel Corporation in Bet on Group Tours,Apollo Global Management is set to acquire The Travel Corporation's (TTC) portfolio.,"Jul 16, 2024",Skift
https://www.cbc.ca/news/canada/toronto/ttc-fare-freeze-2025-proposed-budget-1.7424906,TTC plans to freeze fares for 2nd year in a row,"Toronto Mayor Olivia Chow says the Toronto Transit Commission, which is requesting an increase to its operating budget in 2025, will freeze...",2 weeks ago,CBC
https://torontosun.com/opinion/columnists/percy-familiar-challenges-bring-new-opportunities-for-renewed-swagger-at-ttc,PERCY: Familiar challenges bring new opportunities for renewed swagger at TTC,We are missing a strong pride and passion about being a TTC employee – or the swagger all our employees should have because they work at one of the largest and...,"Oct 15, 2024",Toronto Sun
https://www.travelpulse.com/news/agents/ttc-tour-brands-launches-tour-week-offering-13-fam-trips-for-over-500-advisors,"TTC Tour Brands Launches Tour Week, Offering 13 FAM Trips for 500+ Advisors","TTC Tour Brands Launches Tour Week, Offering 13 FAM Trips for 500+ Advisors ... TTC Tour Brands has launched a new way to showcase its brands,...","Oct 15, 2024",TravelPulse
https://www.cbc.ca/player/play/video/9.6605556,TTC staff now using body-worn cameras,TTC staff will now be equipped with body-worn cameras in an effort to improve safety and crack down on fare evasion.,3 weeks ago,CBC
https://simplywall.st/stocks/us/capital-goods/nyse-ttc/toro/news/the-toro-companys-nysettc-popularity-with-investors-is-under,The Toro Company's (NYSE:TTC) Popularity With Investors Is Under Threat From Overpricing,We've established that Toro currently trades on a much higher than expected P/E since its forecast growth is lower than the wider market. Right...,"Nov 5, 2024",Simply Wall Street
https://www.travelpulse.com/news/tour-operators/ttc-tour-brands-announces-2025-big-tour-sale,TTC Tour Brands Announces 2025 Big Tour Sale,"If you or your clients missed out on some Black Friday deals, then TTC Tour Brands' 2025 Big Tour Sale is one of the best ways to save big...",1 month ago,TravelPulse
https://www.narcity.com/toronto/ttc-jobs-students-toronto-make-up-to-23-an-hour,These TTC jobs for students are available in Toronto you can make up to $23 an hour,"The Toronto Transit Commission (TTC) is hiring students to work all over the city. If you're a student, you can get TTC jobs in admin,...",5 days ago,Narcity
https://simplywall.st/stocks/us/capital-goods/nyse-ttc/toro/news/calculating-the-intrinsic-value-of-the-toro-company-nysettc-1,Calculating The Intrinsic Value Of The Toro Company (NYSE:TTC),"Key Insights Using the 2 Stage Free Cash Flow to Equity, Toro fair value estimate is US$95.99 With US$86.65 share...","Sep 29, 2024",Simply Wall Street
https://www.unifor.org/news/all-news/unifor-welcomes-758-million-federal-government-investment-canadian-made-ttc-subway,Unifor welcomes $758 million federal government investment in Canadian-made TTC subway cars,TORONTO—Unifor is pleased to hear today's long-awaited federal government commitment to fund new Toronto Transit Commission (TTC) subway...,"Nov 29, 2024",Unifor National
https://www.travelagewest.com/Travel/Tour-Operators/ttc-impact-report-2023,TTC Tour Brands Reports Progress in Sustainability Goals,"In line with its commitment to impactful experiences, TTC Tour Brands added approximately 180 new Make Travel Matter Experiences in 2023,...","Jun 5, 2024",TravelAge West
https://www.travelmarketreport.com/articles/%20%20%20%20/packaged-travel/articles/ttc-tour-brands-provides-advisors-with-exclusive-client-offer,TTC Tour Brands Provides Advisors with Exclusive Client Offer,"Travelers can score an exclusive discount of 10% on packages from TTC Tour Brands such as Trafalgar, Insight Vacations, Luxury Gold, and others.","Oct 7, 2024",Travel Market Report
https://www.thestar.com/news/gta/toronto-weather-this-weekend-a-welcome-break-from-the-bitter-cold-for-winter-fun-but/article_35f8ef5a-d79b-11ef-81ff-bb79c771ca9c.html,"Toronto weather this weekend: A welcome break from the bitter cold for winter fun, but TTC closures may disrupt travel plans",Rising temperatures could make it a great time to get outdoors for winter activities. Here's what's going on in Toronto this weekend.,2 days ago,Toronto Star
https://www.travelpulse.com/news/people/melissa-dasilva-named-interim-ceo-of-ttc-tour-brands,Melissa DaSilva Named Interim CEO of TTC Tour Brands,"In her interim position, DaSilva will oversee TTC Tour Brands' globally recognized portfolio of six brands, which includes Trafalgar, the...","Sep 19, 2024",TravelPulse
https://www.cbc.ca/news/canada/toronto/ttc-vote-ban-electric-bikes-1.7400218,TTC board votes to ban lithium-ion-powered e-bikes and scooters in winter months,The Toronto Transit Commission board has voted to ban electric bikes and scooters with lithium-ion batteries from TTC vehicles and stations...,1 month ago,CBC
https://www.ettu.org/ttc-ostrava-2016-starts-europe-cup-campaign-with-the-win-over-stk-vyhne/,TTC Ostrava 2016 Starts Europe Cup Campaign with the Win Over STK Vyhne,"After concluding their journey in the Champions League Round of 16 against Austria's Wiener Neustadt, TTC Ostrava 2016 made a strong start...",6 days ago,European table tennis union
